<?xml version="1.0" encoding="utf-8"?>
<extension type="component" version="3.2" method="upgrade">
	<name>Papaki Domains</name>
	<!-- The following elements are optional and free of formatting conttraints -->
	<creationDate>2014-02-10</creationDate>
	<author>Papaki.gr</author>
	<authorEmail>info@papaki.gr</authorEmail>
	<authorUrl>http://www.papaki.gr</authorUrl>
	<copyright>Copyright Info</copyright>
	<license>License Info</license>
	<!--  The version string is recorded in the components table -->
	<version>4.4</version>
	<!-- The description is optional and defaults to the name -->
	<description>Papaki.gr</description>

	<!-- Site Main File Copy Section -->
	<!-- Note the folder attribute: This attribute describes the folder
  	   to copy FROM in the package to install therefore files copied
    	 in this section are copied from /site/ in the package -->
	<files folder="site">
		<filename>ajax-loader.gif</filename>
		<filename>controller.php</filename>
		<filename>error.png</filename>
		<filename>index.html</filename>
		<filename>papakidomains.php</filename>				
		<folder>language</folder>
		<folder>lib</folder>
		<folder>models</folder>
		<folder>views</folder>
	</files>

	<install>
		<sql>
			<file charset="utf8" driver="mysql">install.sql</file>
		</sql>
	</install>
	<uninstall>
		<sql>
			<file charset="utf8" driver="mysql">uninstall.sql</file>
		</sql>
	</uninstall>

	<administration>
		<!-- Administration Menu Section -->
		<menu>Papaki Domains</menu>

		<!-- Administration Main File Copy Section -->
		<files folder="admin">
			<filename>config.xml</filename>
			<filename>controller.php</filename>
			<filename>index.html</filename>
			<filename>install.sql</filename>
			<filename>papakidomains.php</filename>
			<filename>uninstall.sql</filename>
			<folder>controllers</folder>
			<folder>models</folder>
			<folder>tables</folder>
			<folder>views</folder>
		</files>  
	</administration>
	<params>
	    <param name="api_key" default="API_KEY_GOES_HERE" description="Papaki Api Key" />
		<param name="admin_email" default="" description="Domain Requests Email" />
	</params>
</extension>