<?xml version="1.0" encoding="utf-8"?>
<install type="module" version="1.5.0">
  <name>Domain Search</name>
  <author>Papaki.gr</author>
  <creationDate>November 2011</creationDate>
  <copyright>All Rights Reserved.</copyright>
  <license></license>
  <authorEmail>info@papaki.gr</authorEmail>
  <authorUrl>www.papaki.gr</authorUrl>
  <version>1.5</version>
  <description></description>
  <files>
    <filename module="mod_domainsearch">mod_domainsearch.php</filename>
	<filename>helper.php</filename>
	<filename>index.html</filename>
	<filename>tmpl/default.php</filename>
	<filename>tmpl/index.html</filename>
  </files>
  <params>
	
  </params>
</install>