<?xml version="1.0" encoding="utf-8"?>
<extension
	type="module"
	version="4.01"
	client="site"
	method="upgrade">
  <name>Domain Search</name>
  <author>Papaki.gr</author>
  <creationDate>January 2014</creationDate>
  <copyright>All Rights Reserved.</copyright>
  <license></license>
  <authorEmail>info@papaki.gr</authorEmail>
  <authorUrl>www.papaki.gr</authorUrl>
  <version>4.01</version>
  <description></description>
  <files>
    <filename module="mod_domainsearch">mod_domainsearch.php</filename>
    <filename>helper.php</filename>
    <filename>index.html</filename>
    <filename>tmpl/default.php</filename>
    <filename>tmpl/index.html</filename>
  </files>
</extension>
